,company_id,carbon_emissions,renewable_energy_ratio,waste_management_score,water_usage_intensity,biodiversity_score,excluded_sector,employee_satisfaction,diversity_index,turnover_rate,philanthropy_spend,supply_chain_ethics_score,data_privacy_compliance,independent_board_ratio,executive_pay_ratio,proxy_voting_score,risk_mgmt_score,audit_transparency,governance_framework_score,financial_return,roe,profit_margin,esg_score
0,1,114.90142459033697,0.26629307904032523,93.66179919645211,38.36039120398079,53.951578441028154,0,4.418686035219842,0.29314960178580407,13.056418461397364,0.7558874058961024,79.50655555334654,1,0.8608379492929807,76.49983233937154,56.037434851269985,76.2152184861589,1,68.2584939025078,10.977950845072478,21.88491640939692,9.978220487602195,0.6661076914572618
1,2,95.85207096486447,0.1324453313234908,88.134729161597,45.47215938057004,99.29755271715366,0,3.689682177192335,0.41969775021192113,10.526103578501282,0.6840298867979347,70.69285299539709,1,0.4505274599344201,41.03864952285158,59.08623250843825,66.67342819436827,1,80.57016282948135,10.172116855731362,9.206441086407352,8.052165834166908,-0.07459870227297759
2,3,119.43065614302077,0.11357697325263676,48.37758627904577,30.82840194803964,43.99719431215017,0,3.712935043687395,0.9330336347088483,18.730891318133125,1.5126291540438694,73.53940114952833,1,0.37226840399793926,66.16852609179988,63.322165465138745,80.93697640691441,1,71.98794588338853,0.39710142084470745,2.5332665991824515,2.9831915627466215,-0.9846238918182784
3,4,145.69089569224076,0.34155895722546276,72.63318744835762,39.6911236442842,36.991739305800124,0,4.765513311159433,0.449721862661851,6.610640943114051,0.5015347544030145,76.29500451008099,1,0.6507258679556749,41.689170598808246,39.475965919115566,68.75572676893582,1,86.31571737654755,8.802375877400479,10.542551613653009,14.662960089307644,-0.29256176942612017
4,5,92.97539875829992,0.16999587395941756,76.1276852256614,60.03407267182105,60.593862658108854,0,3.7455496230283662,0.265958393281794,8.556411667885424,2.046953555653757,71.9836611646474,1,0.8815930873705073,73.98735026792922,41.20056559045103,64.30972637724807,1,76.2194581095221,11.693742147171859,9.973011543723375,7.690465561496534,0.33197942219569565
5,6,92.97589129152459,0.8014732049023443,67.20441408455362,49.6296552911413,-0.5143726720497597,0,3.2874369332882027,0.5964935819945433,5.728505685321241,0.9073476257935466,59.794586826301014,1,0.526703528236312,68.01522141757836,19.165833886152832,64.45662032686668,1,62.428731531839496,12.500374418656204,12.572708655529409,8.993397728910352,0.5521626442969838
6,7,147.37638446522175,0.13177062408757453,63.9300126503943,43.07620755451052,51.279135738218656,0,2.1313065015829293,0.5577415490282683,4.645456214062008,1.4827399034879543,72.66084969355546,1,0.3372220581772689,54.244192767612276,74.13817842680207,89.39988391476335,1,67.6228895785412,4.945616950765112,4.644912524168596,6.957865498006745,-2.4103481512601626
7,8,123.02304187458726,0.12549965919150205,64.55564081546939,35.51079172390204,42.56574193414198,0,3.3842206872995417,0.22371810368803652,11.066140429023543,0.17996315687203057,60.83566371803806,1,0.5035831603857405,55.09585789062135,60.22840530926174,62.580165719080554,1,47.38708973249864,1.1954227024673627,15.352333499084466,3.984576932610656,-1.7549224828672967
8,9,85.91576842195144,0.3370138954716539,72.61958904051743,40.674985358750085,30.153734679278116,0,4.414178942129032,0.6828341647128444,8.911954090996067,1.2243386920895454,81.5319311058031,1,0.6035589925917351,54.23003937525284,75.71776697197735,82.91635226760447,0,60.97809559527834,10.576369488848972,14.475512645752232,9.519920836857422,1.1242846452042445
9,10,116.27680130757894,0.03439862200520179,42.85061648528941,41.97565990172382,60.155153406230006,0,3.436181616310669,0.398320934216961,20.80844465396096,0.6698976170088579,56.34454898921878,1,0.3971538039793282,52.3957659302315,42.93393006282912,58.645333041898304,1,66.19003594066609,1.3709117710163472,1.6716999379821909,3.5513643563713946,-2.0142207755572685
10,11,86.09746921562613,0.15937752033309405,84.47522441594845,44.492284349197455,51.07976836891586,0,1.9319650710363478,0.2289220186224238,10.585767269111033,0.1253694921392674,85.2865437945589,0,0.6948613308338953,44.506374537827305,60.36611009299743,74.87905445074186,1,75.46273609557666,5.311436653533659,9.61863007743358,8.71891794602559,-0.43977856533091936
11,12,86.0281073928923,0.2615158445906097,62.79802198456224,29.233394918223343,13.951821850115657,0,3.1511463254652874,0.5231493909426506,18.44698431715012,1.8792894625354222,79.2956300020348,1,0.8986496334061205,46.24718250189256,63.22239759174902,72.97083451490835,1,62.49638971458189,8.989282750088254,7.92152907527024,7.8439610774963295,0.5600241859691981
12,13,107.25886814698103,0.2491194021961276,71.91704046050174,46.68407960942365,37.069409576151244,0,4.194881977238954,0.4605604182835822,16.840032374703167,2.648811677364101,79.33388615733895,0,0.5710436855888663,33.950597651111266,51.57326257754978,86.21226879726228,1,57.5373598606557,4.858527223757231,9.372884981472783,9.024399792804765,0.18187017574229888
13,14,42.601592660266064,0.0685869246308145,75.50653400182101,29.104069017053472,-7.765424103854492,0,3.8820720221934106,0.06439287611802949,10.955229223879929,2.290631512540762,53.356901321521605,1,0.5128371340381276,16.8493581606473,36.69858302299811,63.455981048314854,1,51.12468096991874,3.407734020255535,6.1541504116112264,4.737935912870306,-0.10204337306074134
14,15,48.252465024609016,0.45950640724990544,62.11291919030565,56.31125852281872,55.86538628267006,0,2.9120833724424853,0.8908663310214988,22.550677910428114,1.9771834829326633,71.71400561908443,1,0.5404225001006799,66.56105913923075,86.18807004202736,60.69335782039613,1,64.03582481406681,10.415896346641235,21.11990928104911,7.128111810916395,1.34571759411251
15,16,83.13137412277082,0.5414781386117564,68.03442389501507,32.283716775831216,55.66598836880314,1,3.1043006565206426,0.3829378414064383,13.342669932324043,1.210115182438118,86.5356342865986,1,0.3690877070371207,52.358876551779474,80.98925011905077,68.83489621653018,1,89.5085180236793,12.904782520960943,7.638608083319112,4.147065895848794,0.2020732720159994
16,17,69.61506638996728,0.26059606181093153,39.47139639061744,42.96628319676176,34.13436212332653,1,3.2125039386283083,0.4253678459441038,19.565046330019946,2.0641231599834784,69.81392020969706,1,0.8299641608557344,50.09317033432679,54.27101592411953,86.64801829240452,1,72.71107034897032,11.684092851052952,14.022777220795964,6.631921649713027,0.6362599064097082
17,18,109.42741997785822,0.06753590748378506,80.98185410999608,50.05142573278018,60.80225423366254,0,3.036100359695949,0.4621625388455512,18.98298445790632,2.3566972390016097,64.21937850036286,1,0.5488953933128112,55.97673684286819,67.6534146775441,61.15841520056232,1,79.3957941235518,7.533129671803281,6.588177134697486,-0.9913158377720224,-1.0589525888980025
18,19,72.75927773436368,0.04676883497272682,86.20103500483248,37.4761995653555,24.350027577569552,0,2.0792282925822922,0.634002951119518,14.073239925523914,1.5957752807699053,68.63329904994288,1,0.5323646468549048,37.574038178095265,52.72813985464661,44.115833677958,1,60.999457673357504,8.703248656288071,3.7206037757340025,6.091253262551617,-0.8228717669874184
19,20,57.63088895994125,0.12713147658095109,44.4850967209187,43.40600019099858,30.66965948130014,0,4.034513770433899,0.6786165943085531,15.755654239029253,0.6709478793815842,74.31722377360661,1,0.6958141637582846,34.9840667992335,45.06894595462879,70.59767837373282,1,54.265502398977816,10.275043003029625,12.606443226909862,7.4867867932983225,0.9079230076559174
20,21,143.96946306764661,0.3265987258278122,63.90260684955607,54.35181549190052,58.34380928765128,0,4.379941969682365,0.5748076235917791,15.12035707559738,1.1504309909860404,66.48629549687189,1,0.5652200525586741,45.74472959482771,87.4089225743552,79.49522917961009,1,57.78922535911933,7.705239917474684,10.7434863206715,7.937164274272412,-0.42964051383566304
21,22,93.22671098540393,0.11912486541113898,51.55195932638778,45.64402987893266,36.226664900741135,0,2.437085739224682,0.06401739313936436,6.278692843041459,2.6918875418435553,87.33817232089294,1,0.6889400812847077,70.5214772264572,35.16946677891298,59.86194067360137,1,69.02868890842363,7.596139605293395,9.434887579681327,6.454052042500831,-1.3998092756683642
22,23,102.02584614063771,0.10776704550146234,67.33389517768892,43.55550629674353,48.74686087595111,0,4.37069705281042,0.19589824113412588,12.286451772265082,1.4476790822948835,74.35332470009608,1,0.3368677740784725,32.4688845726031,55.717444545433274,78.47932173353264,1,50.05871156520743,1.6274396867231307,-2.178838000983507,10.75726247575137,-0.8449806914098683
23,24,57.257554413596296,0.32460102630740867,79.72954502081441,23.15214605179538,38.72701945147315,0,3.427883759021949,0.635349846497243,17.371236169723304,0.8273290039377672,69.44430652052071,1,0.7882340062333365,10.59401964787751,61.26485740863351,59.64089014987543,1,59.93409583590229,10.069448410032457,8.35527382759526,17.75972456368531,1.6473283411358122
24,25,83.66851826424451,0.21935449118475614,84.80963348884937,30.662777472597774,41.78137687401632,0,4.357592643717512,0.47912508991283287,19.63093158680831,0.4717535754308646,61.98656473164421,1,0.8643023717276417,42.17898362271871,84.7685486803093,68.53441464308321,1,64.13639314028707,8.5837976254239,16.26574186829478,12.87393083477625,1.21776149610362
25,26,103.32767769129599,0.30479223202169464,86.82779784140273,50.469201276500115,42.65551568090014,0,3.526565305403312,0.49066009937890775,8.396801640840252,1.202885907800263,79.84446605278939,1,0.6892592316956316,67.14049874352774,73.44882981354027,77.52682315286057,1,56.79074693936699,7.770057994475117,7.016704817620068,7.067356832707878,0.35556633402761784
26,27,65.47019267733091,0.403730071467841,89.6581573703832,45.69950305341382,35.86486485563645,0,3.594881214511041,0.608805456364106,14.644156509065098,2.2250776668922976,79.61666294711364,1,0.8727395573152865,24.011839634684694,34.91625338149022,58.12534598261561,1,48.76316982675171,8.552745132881482,14.727591904069577,8.869317172567811,1.9579078514145665
27,28,111.27094055037016,0.18412892169781056,66.66380832316652,47.214662737850745,56.04899428720248,0,3.7607042528875487,0.5867715218422724,12.754351066387672,1.3088143533151617,67.07791093815308,1,0.390859388621978,32.29574594265692,59.95874638448726,71.81513331507554,1,72.89653698209757,7.546051770049567,3.614018866720685,9.793659715648642,-0.6769411761820864
28,29,81.98083930243585,0.23447365948588197,52.795620568998416,46.35396932214897,37.44143026492101,0,2.946953572405305,0.6962212071320667,11.410629677092022,2.238102158481282,52.63670971685855,1,0.5864497136882123,53.95320110867253,60.31590297546539,82.14973511292237,1,70.45871444884565,4.439349313970192,12.78391553267778,2.864472590707914,-0.07124443797799085
29,30,91.2491875062017,0.175068748991844,68.28114549538047,52.89756528375374,50.31373427591204,0,4.336271901029615,0.48576950284049725,13.780013146125132,1.1316863525167575,79.10762189575884,1,0.6610840403672684,88.54860553213003,56.57492497050837,74.73934099211351,1,77.79029867630129,5.910502725467389,14.407835068840287,7.464045232424358,0.34137834242899484
30,31,81.9488016331181,0.2673316734797696,79.49901253455364,37.38600075044877,35.42536637251193,0,2.7150335533476504,0.46465506964930453,13.089987053330686,0.12499523443507088,73.13196608738998,1,0.6490419884527121,29.626824972107066,69.29713661295452,62.79373942409232,0,58.895742507475575,5.181321525920723,13.118254647192165,7.399910208370044,0.09530751125134862
31,32,155.56834553526812,0.238699744225137,51.591103286187135,41.20499958789301,19.31402747231083,0,3.2185532788383306,0.45307815178713706,14.70703784436294,1.1559071889813408,78.3607116792567,1,0.540877067453426,29.045988627980613,38.86339608366035,85.18718352716795,1,77.59922743047471,6.924950071233336,10.574374128646028,7.6188825819954165,-1.7779265603841812
32,33,99.59508325786199,0.32579561073076047,94.90205430172364,29.71325666870916,68.24870498518332,0,3.866985274350218,0.5678906228941063,19.208583804750262,1.7414615010823995,94.57174533639639,1,0.5028506456197568,55.080475532587776,53.870461311949946,76.5839251192249,1,85.29304194486886,8.033066186402374,17.679916174304736,10.696188395246304,0.7121577973533025
33,34,68.26867213132299,0.4434878606676832,83.46832808140513,27.219774165636238,59.99053970190817,0,3.143563331660175,0.7028633511440658,15.920637954323503,1.6833652445389193,74.7316815629094,1,0.3760944135302513,68.07011659990556,67.18228122319613,51.39552000075693,1,72.62214732236855,6.4629262135926915,6.430934450874743,6.442656965207297,0.5636154886553205
34,35,124.67634736309567,0.3855671372233749,66.90149247353007,23.562592844119422,95.77364137595345,0,4.044271868570461,0.5114783166124335,13.552956294363513,0.6214245755203551,69.86161383157228,1,0.5350454703373669,40.638519315114344,70.19363527740961,78.64243614734227,1,63.900637055533394,6.129036690096969,7.177746642255231,6.9563426350008575,0.16621718343034075
35,36,63.374690500869335,0.09615258168656671,59.33692104383138,31.148365010001523,29.120543200034838,0,4.46310632122877,0.8538568187435791,21.323125284115395,1.2541626587373642,63.5267803235166,1,0.3975964890632911,25.679087658167465,62.241292102637956,64.28625747582723,1,71.45080649509244,7.739137401847206,14.560168350289826,9.917309205942908,0.48499703453732307
36,37,106.26590785014267,0.2089847738799713,59.963183783310356,55.52561815489642,45.82079025335939,1,4.208782200737685,0.4229344347131235,17.54964797940168,3.3792719666448514,71.87578208504951,1,0.740619405895331,56.506238313295185,55.67411699549552,71.96563547642464,0,63.42212610704423,11.975209689961321,14.665792331818938,5.690185978925114,0.07245662223450662
37,38,41.20989628360673,0.16619623428044838,71.11309320700234,24.472729321839623,47.429850382883885,0,2.1447192804249653,0.9054369907694301,11.538007806983257,0.6367118215921863,76.60577349615642,1,0.42529856129675403,59.2226209595446,58.200880895602914,80.0800400429326,1,61.75716442321249,4.173790476844996,8.480430166892313,12.325036493030858,0.5889009905900079
38,39,60.154418533047085,0.22721487350505115,66.55896095904471,36.96464014422802,69.78738876564262,0,3.58809287873355,0.22441186447357334,5.914397988235474,1.9625063761246242,75.5330742059876,1,0.33513918317072033,76.67982689807373,71.10610683565855,64.50395415335166,1,76.83260389503326,8.761503322527483,6.671086844681833,9.615504363911224,-0.1766844470079156
39,40,105.90583707607371,0.47592049646427265,84.25754132923937,27.06854676353842,39.85784211734783,1,4.220077827487474,0.35211012198405955,7.060846595397672,0.0323270110011431,92.23465340067102,1,0.6314196826903407,59.85420668486418,60.5085117618819,53.54407385958186,1,68.609496802128,9.175567040864529,8.404452742639982,9.122512666001734,0.5066533511810027
40,41,122.1539973998623,0.11588479103164939,64.85536257546056,33.99026036996639,26.57916291648291,0,2.57827580722456,0.11303333256561994,16.66616224157817,2.1046542771987635,79.99085565465943,1,0.657137839631641,62.42099114558569,44.37228681839207,85.05545191905829,1,82.05095653450029,1.8691906763949162,0.2704026394712078,7.187291292230952,-1.654608752176504
41,42,105.14104843569912,0.1718540724955221,77.58252715917237,41.696937923520196,74.15618616922004,0,4.006527411060213,0.20160204036907303,8.848437603735093,0.8753722268680874,73.6519912849279,1,0.8231478367683034,46.06782284198142,41.49753624082645,81.64583471201948,1,65.5757701075643,12.023651146788815,5.745063639736706,7.0977531702374055,0.4153541842165043
42,43,96.53055152835279,0.24093580883068486,69.56612673737695,32.99884126794992,43.66699941477544,0,3.9672225471475184,0.6377036025358227,6.95972261444026,1.781461780742058,67.93439421166528,1,0.6461889674506092,86.62256513254202,37.65543867845836,69.12743986817054,1,66.58825419329989,8.891842225363513,5.376163916841364,6.34032643161433,0.18266724848098856
43,44,90.96688913232134,0.19658545353951162,74.04504036095607,50.896648650164614,67.57287019452086,0,2.6515370756432146,0.494996755650785,8.209573366564003,0.5959320787622592,77.6667276378332,1,0.5072885122340675,44.02786984117295,81.83371227734031,78.53421451492115,1,64.33489004768528,5.05743952298627,8.264458681678185,6.390344897724269,-0.2795737115496403
44,45,55.644340288977176,0.15450740124203077,66.54915346605426,55.339781208495666,65.24396801584423,0,4.083962866018113,0.67088656571467,8.5630784395465,1.7035969601236949,65.92991841617341,0,0.7818071289157924,40.82116817882345,72.11192753418668,66.30613267936316,1,58.79816561312795,3.7738430661998277,14.21945678872063,11.381566512010433,1.568055362692405
45,46,78.40467374815874,0.3024753876496196,80.61573311874432,17.509042719440608,49.402190521954005,0,3.6908884554709545,0.4358550081500737,16.253238338911256,0.8639447929809934,76.79831079537907,1,0.6241673359124527,77.1427237777791,58.40268175229179,70.9697017676085,1,78.1442489861659,8.605226176257577,12.957605556916477,9.337273480334153,0.6118571151734936
46,47,86.18083687120638,0.2628503990216566,80.83810120435116,33.17007669648877,46.513725899305044,0,3.955267252104888,0.18561764467616437,11.21628962108862,0.9994662719233623,79.87413926904843,1,0.34756817077871505,27.88644081656885,53.19311272253874,68.5571205736326,0,91.85711664614155,6.514436077872745,7.497314763084868,6.450794886634426,-0.23421811190620373
47,48,131.71366678656747,0.17838548982713634,76.89893538733216,40.59142122272422,42.16870387340391,0,2.8235813299644072,0.4053432633246816,5.138126998502972,1.8093902044765215,72.83547777228553,1,0.6395103361879481,22.288874232081277,51.39104988048963,66.71055914642697,1,66.17772761433848,2.15952194350077,5.732932517941988,8.850073819762269,-1.165559508467248
48,49,110.30854868705384,0.07140336869412171,79.11271490724256,51.261170260153804,49.69613742460021,0,3.605095281459969,0.7924535099373907,12.155224488811783,1.1987301665220886,68.69713555934858,1,0.8448111272529975,51.79335386897727,76.39855661373315,73.59302580085755,1,63.19504056324994,4.332310896854296,11.11218481695332,7.848684034800504,0.3087694181741378
49,50,47.10879533911798,0.36804793518398216,55.834468336854215,35.457557248467374,67.26200452341263,0,2.3065850121073734,0.3617319194582917,13.111330662241208,1.7662670137514178,53.14703152665094,1,0.5377875752989323,49.97395215086457,88.56650262262112,57.91821176354412,0,62.54676516292909,9.939379254523029,4.461074642288311,6.187147485764108,0.2225664354430099
50,51,109.72251908184384,0.16500239921085022,74.84868644363469,39.800646047541896,34.07119637880841,0,1.9061061547268645,0.5126110869553618,9.603315692795743,1.3664110769496545,86.4383672642039,1,0.47779548113988,46.581680276740066,50.919106141086914,67.48419169234421,1,63.2026677239962,-1.0299531909566815,10.953937503007428,7.032729752700605,-1.441912312662464
51,52,88.4475315875105,0.6463769483914986,88.738026512313,28.432557749480516,52.176912604182405,0,3.598579898569425,0.59126554031598,17.7794254209635,1.5472455768730924,79.03300390245282,0,0.386081674210812,64.90894635682477,77.07623280983564,73.14479472483404,1,86.49783686240802,9.38295225473965,17.06167976875114,6.11299465674792,0.9600693263470275
52,53,79.69233999082124,0.5031230845032987,77.37106850529246,24.672041477376546,27.627371436023846,0,4.270418324732917,0.05343031300707866,9.895305571538577,1.8115605299473811,79.27617281584783,1,0.39086731316121437,36.37690726567144,60.42019373038334,88.38100707961635,1,62.81519480240109,7.266992508136058,8.603415361339362,3.6017714974478094,0.5528689560457609
53,54,118.35028866522603,0.40864698504559716,54.53923745797715,54.45384689582934,30.117875339156146,0,3.677055769985556,0.4592561257476786,17.54168843318575,1.2549870817862014,59.386476642227,1,0.5596628906050913,50.962506884370114,56.813566051343,58.32465784687304,1,64.14733199110461,7.394705320484631,6.943909809837303,7.107278941643659,-0.7311727763837911
54,55,130.92998567487854,0.3784719386186747,69.25350235526373,21.759301261070632,49.38122005688752,0,3.455587755239098,0.4797175184529798,14.983913898374881,0.8027651497987582,88.79838699740057,0,0.6574078944969177,44.598410710427196,82.56321424244885,75.20553057732427,1,57.59645747849028,5.773659540733915,14.515348326466702,5.753018275118963,-0.22895028645698795
55,56,127.93840357348596,0.4808171104256128,75.62466907509564,63.28619008421566,10.796839834123361,0,3.3687261159615884,0.4086962389120079,16.633027540222034,1.127381413849147,70.3478313338192,1,0.34836924310176104,36.63172249839874,59.84751418885835,76.30148776427862,1,72.9364877386307,6.370024896252788,7.494726970002861,6.029696942367927,-1.0065333330187705
56,57,74.82347430332084,0.45015277145501226,58.63900724652537,47.25151399381741,91.21117233232104,0,2.8402042259898543,0.39353146422505153,6.507245795968026,2.3365974258834052,72.11204697300514,1,0.8637411534150996,49.07239874058975,64.44546658881954,51.23281269317263,1,69.32770437849013,6.329565026277862,14.430167863625172,6.346112893457843,1.0385930399093268
57,58,90.72362872446357,0.31485465592718676,49.62593204914971,46.79973075516756,26.138800901795275,1,3.3446973673432856,0.6628130727919544,12.491550961190512,1.5813211588535847,64.30713144581175,1,0.7530801704671176,62.78893704942654,63.724108993671685,74.10532014409252,1,58.628212241974396,7.248288713057184,10.158649706899956,11.94351918836954,0.2639356410515259
58,59,109.93790294210692,0.3458306244455384,65.2585319734521,45.7546866749443,49.19822974686893,0,3.795179127785111,0.2093574305972679,11.735859977126156,0.9085710826126685,57.130542686601515,1,0.6519743509701976,81.80852180645752,35.61600950010822,78.8028507898378,1,61.071704026819205,7.897675515551349,15.465794728719922,5.559860873094881,-0.37971741260058667
59,60,129.26635381367078,0.5386521682270735,58.88751388048446,37.47314311999036,73.3643544363373,0,3.19534443703956,0.8163126166059047,4.8899673754623345,1.7810924258714032,86.57346311723566,1,0.7970632025633946,58.69128474348454,64.32616723074092,75.88652679382434,1,85.32933370535558,8.523571174693869,13.38825926082926,7.560766314181537,0.7139703739116386
60,61,85.6247728646413,0.30617217969438143,69.78566452915047,43.9208452970087,32.74189322499003,0,4.025410797685043,0.8101529897092681,17.525303649014546,1.8278209094573967,87.86597369397624,1,0.348112054087268,12.337474978978229,51.55961963339651,69.16072745127325,1,70.32707756268768,8.921530277110213,13.231436087550875,9.758137602674168,0.5204064999370533
61,62,94.43023070008549,0.14558813424442504,46.128930287555676,38.11103312215525,3.946060209105667,0,3.637182523705222,0.7453001903684575,7.912995515463251,1.8639993530584673,73.34471848646673,1,0.5861033266398747,49.42789871837527,38.68270289781568,73.33240036522429,1,71.01685395447298,3.5794703166773365,11.416205108310715,3.3607444770577724,-0.42451052331181555
62,63,66.80995077981916,0.4518857472364912,78.47051593804234,45.530732764404796,41.10108479750657,0,3.7218855924413847,0.10327755392767711,8.952160855820086,0.8155139597401001,68.2061543019365,1,0.6780558761169981,50.747041863542485,52.242943793268566,71.6984469724903,1,71.05653825026062,6.66328868577855,9.693294883266626,4.796600577400373,0.9568749142887378
63,64,64.11380127757988,0.35993742481792457,60.480924470599646,39.66313473091284,32.50359239847762,1,4.122063927485672,0.331761926299692,6.933420822011371,1.0223263039998736,71.22955830865742,1,0.7971917436709737,64.04313514369925,52.11916695544581,53.10542661684805,1,83.94625388211176,6.789805258489596,10.160143153826436,10.350718327990183,1.006549850758288
64,65,124.37577467182594,0.06190643377169209,84.93628355022034,30.496518168982654,4.472529828159956,0,3.1312711971415066,0.7170422102109721,15.505931630351867,1.026219548529092,71.50385009964451,1,0.7700817360295606,52.77215453734608,75.44823808695497,71.93320324754465,0,59.54785637679289,5.070362389497105,11.610091433249718,5.785022433619384,-0.7334455624950909
65,66,140.68720085712468,0.2328545928203029,65.84651740305432,31.294273837382438,55.69779785144398,0,3.961566410330866,0.6698737247429386,4.370351406137021,1.2475464615536658,63.00140277820402,1,0.4662415498280398,68.79633375953115,44.043155758469524,66.32929594018327,1,66.03604479823545,9.368455930143174,8.229261079454059,3.9296805363492853,-1.138195119140206
66,67,97.83969635258998,0.19208246644942936,69.6191643042327,30.157276247074964,54.14187724465903,0,3.229466297923618,0.7108036585016962,15.08937400232284,1.8772434296006142,72.0774478455616,1,0.8645281017355226,55.87505923422908,48.15228841426118,62.95177829002017,1,68.31034793337489,6.614677909601373,6.1925082036975425,10.35189085980874,0.4514761174723171
67,68,130.10598693676073,0.5199092769591175,67.40447681954623,49.709007319343094,72.84652909076704,0,3.737660138673188,0.4063532473469014,17.222569931217304,1.7073293633117095,76.53101992934326,1,0.37460750485852223,73.38197104246834,63.530823908220185,94.84969953586653,0,52.78824174710276,3.0634804740491837,16.81796283629337,5.159562105352569,-0.3372274311028767
68,69,110.84908075142903,0.22019437403991562,59.677604648495915,33.82553387540902,27.583552689592253,0,3.047960054554402,0.49954173986662714,14.685892138128803,1.7626518700100138,85.18157247648752,1,0.8250801711726914,43.418811199275595,40.11309342968629,82.52615719619557,1,60.83858483418656,8.460848948837073,13.693503316235462,7.045192609581464,-0.10939207647646856
69,70,80.64640736184627,0.13772023575141254,107.0841919340899,20.878968389151396,18.017270271059743,0,2.8625073238546874,0.5134889868132688,15.563142419232145,2.447813399660066,75.14244164013712,1,0.8825641497627712,52.16515200945041,50.11489862651499,58.49827939685612,1,80.46674827280937,11.84085258404672,11.218401681704444,5.952346427877082,0.5339481931621834
70,71,110.84186816525242,0.47197128618272305,62.56200732989073,43.96838665848805,41.86553833906832,0,3.5643053219539453,0.2826320585036904,15.797732347890214,1.9822236527441408,59.23648291100564,1,0.40629211393357534,62.399623030848446,35.032848970001666,73.4663619656584,1,77.60213496330118,2.1260388722729076,7.45222864323992,8.038051101013341,-0.7268837147801096
71,72,146.1410969939791,0.1588460545173127,85.3528228369849,55.14517562589582,48.2331468198181,0,2.180359963585218,0.5214424562641148,7.2528783663711796,1.4007388625027388,78.53547863198676,1,0.7332396385222713,41.41708894559835,73.80017190008094,84.58025275564324,1,79.37066875102032,11.12973332710598,8.409771514055944,10.56526942851169,-1.192465958032193
72,73,98.92521882670145,0.059689475270839516,53.59556580904908,47.73083189177527,68.42699205972993,0,3.292612789543783,0.48702771295264313,19.17367489832172,0.6712803767632504,72.44069438330247,1,0.32417131126679904,38.14980796878386,55.479553193397216,55.03800845923998,1,64.10909777468599,6.159817865003073,9.28913114067485,0.7483106584307417,-1.390474627977429
73,74,146.9393096744202,0.34081565965226834,75.58197086639741,33.96676434778288,78.21136010010318,1,2.375536096073574,0.293611008593396,9.699618729332506,0.9998170940703909,88.70409693983866,1,0.543253695083493,40.559718504699724,59.761232324966365,70.76983141407155,1,65.34304759881164,8.022198829734975,-0.9046343259737855,6.67439423627578,-1.3863156916467978
74,75,21.40764687730767,0.30664861826340883,77.18308245897754,24.13188284404911,74.28958267814693,0,4.045463824019525,0.8285351089710435,11.66806191205014,1.3168064526252412,89.29457802044007,1,0.6097699795186045,38.76176574366616,73.74015479686635,71.24072725719493,0,52.11934504961967,15.675864475238447,24.14893159808768,13.989484981745854,2.849766380072334
75,76,124.65707513125672,0.2789555071166884,69.63734534352805,38.657318966424896,55.530873337853336,0,4.23507741727624,0.46071984252932174,10.336813408245204,2.0803908791352796,89.644543122673,1,0.6483871355457804,57.83842881312991,49.165966745191696,57.255071175009775,1,79.3193454231631,9.598813600949113,6.415076993766837,6.48033529634339,-0.2126928847827419
76,77,102.61141204714514,0.3288097857207583,61.434929205406405,38.4077612190329,65.98998507008295,0,2.895234145005436,0.3405638187909568,14.457710604386547,1.4808676461257346,69.3841206462672,1,0.8615623489491357,22.477879555481664,55.32019487027994,73.79550304612229,1,80.96652268766096,7.149702140163557,10.634122709627107,4.991920022061627,0.32087262079106826
77,78,91.02977948602398,0.40649018963913885,66.05017146079054,30.30800389686234,37.190131304616315,0,3.7998190737314474,0.6115967199439811,9.309813784312889,1.0406628315780897,94.89855073337557,1,0.7033504123765169,26.660449605231396,44.155080010413876,81.16246390518126,1,80.83920966535608,12.454879900426569,12.54184815491968,10.70431895566407,1.2011903119015488
78,79,102.75282329606507,0.32345967824352123,63.95065747040319,45.51037302242538,53.36790384950493,1,4.129394999581244,0.39865639106662065,12.334578621186843,0.9869749799909419,78.50942504895707,1,0.5887667707315423,77.94119738535893,44.12244418506282,85.08047591419154,1,86.0409125347724,8.05682559117738,18.378102583508234,11.239381535382998,0.19535085437641475
79,80,40.372932561973215,0.18134288505174043,106.03039422753184,58.46626500830473,26.174197214243875,0,4.131728455751248,0.6161102998486423,5.823280914269976,1.4512952537551418,91.26380405668633,1,0.7858050217595336,39.12354918538733,46.191256589911816,67.50635898374054,1,74.22108593489905,13.735573008457983,14.266329747619974,13.442861599924457,2.3094125558233753
80,81,93.40984336487465,0.11034442080402906,69.66095365832771,42.22282717458284,51.25370793773747,0,3.6501155837801487,0.6771384442489411,17.82332604250786,2.12299129355197,69.9738038616824,1,0.8703196925726455,53.00022276757622,52.61264413749502,95.01645035135112,1,85.56881836546692,11.904359482792993,18.093673219349107,10.141514438905238,0.8698220209672956
81,82,110.7133771453524,0.06261134174457317,77.87333167995925,41.60476206998845,51.77293394796025,1,4.014013272893048,0.706882206855655,15.353704729751017,2.613713514042582,72.01403262390373,1,0.3132396892093745,27.662803731513076,54.22806698740402,49.42033246603245,1,67.99525390842122,2.2838603960873924,9.702310099185388,7.138981345630484,-0.9622998893295346
82,83,144.33682134224549,0.3893738659278771,96.7243763563805,30.627719511661773,84.4425721136994,0,3.045468081655724,0.5721746119492355,10.538701190491153,1.3559619813792327,77.74027352672086,1,0.8895127633536233,51.41186401683914,64.3294822634757,73.56216709814463,0,52.3298963499445,9.914396795264693,6.861118416954433,5.7281570533140345,0.3543289328891152
83,84,84.45189345179058,0.22081199239815466,56.85521998038728,53.97414703060372,45.42034277019507,1,3.558185725959676,0.9045727743575344,9.654254849870949,1.4686797734661814,76.51877609613939,1,0.3516792834382082,39.21489998477894,46.631745779371506,55.877056800701446,1,78.60724677240118,6.2376115668636665,10.24987963561626,10.422364708954852,-0.14447511839747884
84,85,75.74519191320437,0.17057746068742893,70.56490349751907,39.24855833189983,51.80085675306572,0,3.1730276152464567,0.9149545326692955,15.223141231588484,0.650240805689832,87.5481194346917,0,0.7886320675612568,26.55365752759379,64.79449013876214,70.90182637496899,1,51.961108739913044,9.289530446481738,12.025909827979941,11.929837268961277,1.2499723574197958
85,86,84.9472886924639,0.06763603384706811,65.96220802477916,34.21036744805829,54.739228314240854,0,2.9863484183502456,0.5345447311952394,8.463533096820191,2.857434798369626,72.67870681451545,1,0.4682008515308475,70.0538065634707,67.27501937284842,64.78093249894971,1,71.70202049493365,6.170445533269531,4.049274442704601,3.6171588734271083,-0.8072218088392416
86,87,127.46206353106223,0.20636937130196562,68.70792331774955,40.636883936516156,40.903593682230934,0,3.5252443740287394,0.8829560074014713,12.626826578825845,0.5192980132907413,86.64614990310356,1,0.37930779465232306,67.73848590591307,52.982667257516006,75.0687745639056,1,79.55323802124255,5.972445987523699,9.712938190952467,8.062667451377573,-0.8589764434682503
87,88,109.86253328979053,0.35879012288277545,67.31482049323772,44.71961333246609,33.950145335767054,0,3.743271263310652,0.5485310302007377,17.80699393715703,2.320163618246385,82.32234507132654,1,0.563913383828301,48.38967813928976,47.929131413724285,68.73119285897806,1,73.24258796035197,11.475776023093525,9.962011114607968,9.88263169568448,-0.06319994239572783
88,89,84.10719388698884,0.316899984774653,59.021843715546744,41.39215408644903,75.97622649694104,1,4.314456137568491,0.29415088616388035,7.943714404314038,1.2442648328912704,72.86607781392851,1,0.6863739476685682,64.99128549016866,61.27618547969985,61.74015821973484,1,92.78243070582275,3.857306467960726,13.501219286691382,11.411660795140854,0.6377662324286109
89,90,115.39802299340069,0.1365637082251592,72.93115427494949,52.061533956705915,30.381651140794045,0,3.6856088691092213,0.24368650881225995,13.843004145601014,1.0804434543117767,81.54676617482313,1,0.528571107014085,78.5493903159074,56.956238054843325,62.3970905243602,1,50.34071005853022,-0.12072725911665394,8.168481533716864,6.212073391812501,-1.3024647923381973
90,91,102.91232648044121,0.21708374305025172,54.06050833875848,43.83971552546862,23.441638566254536,0,3.949351374473086,0.6680174638975165,13.57862633467746,0.7229974996798514,70.26734953166951,0,0.3327392449696194,61.311138997371344,63.30527743910318,89.32459497449553,1,69.17139327464085,0.2351310408675289,6.108923419762716,4.655298282252966,-0.6433324960905011
91,92,129.05934971598668,0.1363792431986001,84.83324105963527,37.16058189117465,63.60530758590961,0,3.9572982212746766,0.6452278097256781,11.513315906686586,3.187034054584993,98.50205800005722,1,0.65967668379523,57.19519609264945,83.5479965438995,74.43523738462414,1,70.17455465252655,10.141310722921531,12.985173210646314,6.440753805298898,-0.04408137925747207
92,93,78.93840718367943,0.06373493040686784,79.34964709981905,44.0119221632689,73.1562968404802,0,5.381274055987872,0.7629742861915392,9.481052079480317,1.655044136294876,48.35667678925553,1,0.841441965666405,52.98424544724964,61.02955572641573,52.97871293461612,1,56.558971838175864,6.983048410443027,10.573554727047027,6.8209391334689204,1.5355739240306714
93,94,90.17013560206695,0.5785716282335199,62.59805775453976,44.996371011259576,40.971806847987224,0,2.232977317709195,0.6949307345303951,18.073985284471924,1.5148963059728444,81.72943204495039,1,0.529929219568351,59.742460472888595,50.411541580798016,75.50787735116764,1,58.462672092757145,7.841293552837159,-1.8057032320764184,8.202605320089052,0.29648942952833296
94,95,88.23675540603527,0.16737543318713216,63.32525017939211,27.03624080736158,41.27893024700241,1,3.0184462932139757,0.24967665608017428,9.012156821165169,2.1207126516881796,57.35404090722953,1,0.4297996665784962,44.541209097655454,46.63665582086912,68.05323337642002,1,61.548713891733996,4.976031537330293,8.27485567142224,5.915490138057153,-1.1198780601973135
95,96,56.09455155603644,0.485750585203021,74.1326584352238,51.494197282637145,55.65087052213586,0,4.531839236741656,0.32629420837376094,2.9398054943518996,1.0444170920590259,72.74343296781932,1,0.5655464075596892,45.8504619625783,47.21697553017624,70.04601087097139,1,59.00352705950738,6.914416746006003,11.215094648298633,16.493942996646876,1.7156947786172958
96,97,108.88360831193728,0.2231288814404552,58.021820265907266,36.99095980638641,35.842946465136336,0,3.253590847602568,0.6003211518261808,15.20266795815517,1.501292168661704,74.14391910528754,1,0.32901762662926853,56.76337062818772,38.05850539333319,78.19888153981798,1,68.92005349836133,7.890331435559331,9.309721648109518,9.352751205628183,-1.1094001847385104
97,98,107.83165816539668,0.37344884728495387,97.17970186202308,37.2467677649457,34.365749587760625,0,4.120062196321204,0.9455038149922586,5.99348325116083,1.5394354007684847,90.07633558913685,1,0.792292550688165,42.892026947607064,73.99115412518368,81.83227173712845,1,63.9703509984784,9.166145502821644,21.393532820390586,12.94747172664633,1.6990229383158655
98,99,100.15340369927382,0.38660756941930585,75.36888593037654,47.51375987075946,67.59185175972732,0,3.6610066666339858,0.9440455451475737,15.459405724275436,1.1414979873563067,68.0784778792311,1,0.7958044865701122,44.513004908097464,26.500817709663536,61.41187272079311,0,73.17908384095675,8.231827914035673,20.704336299460003,10.970083988603848,1.296688763433885
99,100,92.96238599874559,0.29103929254547434,75.89894727075516,47.471652242595816,62.14262201567237,0,4.973641680845607,0.6482024796488507,18.67451623921722,2.33974665543014,88.08011915661778,1,0.6528002780577771,50.0027999695246,67.32157226578958,69.70258345844616,0,76.49430466203063,9.726635609261931,12.043537225834212,8.520464408827388,1.3520144573607855
100,101,57.53887773848757,0.3584957567261279,80.22167620535929,32.991683211339144,76.22317772636211,0,2.7208619010554016,0.3739778208971272,15.148749391993372,1.3469419119528672,63.21183359775203,1,0.5118617333630338,67.25911325889604,46.97904139987154,64.5388899726143,1,75.81778959718889,9.921591608267343,7.706306453352701,7.781250406547932,0.5061835691684615
101,102,87.38064031703922,0.36884852544610003,61.30805088894895,48.02901618145686,24.948219752690086,1,4.355260386763169,0.3213616905731911,17.357056509437456,0.4128075626418195,88.46669723754866,1,0.7798700186674701,33.01004369660529,52.31392178063823,75.96862181074263,1,65.89873754815244,5.666203510166715,14.396242782031766,8.682897893166185,1.0287548271800395
102,103,89.71856450419692,0.43385584819172346,86.3351497267716,34.39551848510476,39.95075026178767,0,4.724706913690749,0.31868609428699063,22.100245534648238,1.2889518455353883,70.25654558096527,1,0.6328122148730204,61.38767754057891,46.53018537683417,67.6769550626383,1,72.84475629464472,11.109595619296606,10.506885068930243,9.757372279940798,0.9938937181978312
103,104,75.93168192335143,0.05932432661715326,71.71800049323195,58.195730466986554,55.62359124538906,0,2.7899067859824003,0.24745315552081149,16.833802313044735,1.674425070199728,75.73434519241118,1,0.7955593851300098,61.87694619205205,81.68796989463047,70.29251479701875,0,80.35128916176733,11.182196962670634,11.34395462718855,9.033618553350813,-0.11157573109960997
104,105,95.16142865001973,0.15373830274583952,84.25218206498248,31.718060187342363,31.487583004512672,0,4.048009170506942,0.8858413889202637,13.65286696312718,0.8745547362786742,71.63621336889597,1,0.6788752755498124,61.78718013945213,60.244734025286654,67.29723238989835,0,74.4556458127749,3.6264003817764023,8.562913601839158,8.725939873489512,0.6031783253732874
105,106,112.12152570443615,0.690927168796683,67.03070310147504,42.394774617058964,62.83374874309299,1,2.824151409919661,0.3479721253061512,20.169740917618242,0.9297836447806928,87.82363474115604,1,0.7706432839276784,37.89880429685767,71.85567787564278,68.93880484430669,1,88.5897769444342,8.934770516306028,12.469267769321052,8.008103431108626,0.7332490526150218
106,107,156.5855770363159,0.04927096831835294,89.75917340096778,32.17982363092393,74.49254174452663,0,3.5211131007745875,0.37864617100604187,20.773877724232925,1.1176186733117717,85.87739843233747,0,0.659137795930656,24.609775767335947,79.50790287894009,87.04651005928136,0,79.82178986766688,4.556369648982168,4.713618438898296,4.994562137379367,-1.0192424759638998
107,108,105.23733438495518,0.18591584017139418,76.02015440537184,62.226956291350746,38.33284055545303,0,3.3203884488724786,0.858385941331444,20.8438589162971,2.3548649620468725,79.43501720584524,1,0.5484846409293997,58.395507086171335,62.45108211033606,93.90766164767724,1,87.1840707264846,9.278740777832557,14.978412378355378,3.966892955187947,0.1206993571147567
108,109,107.72651172168293,0.2715695031402613,102.73760536265631,27.62179055912884,50.771838804540664,0,1.8180722455702192,0.11083964405411528,9.539282424019987,1.1589893841480057,63.48131615413226,1,0.8747675159556827,52.81308176620943,42.065643437171815,73.77092093742476,1,45.076568720699356,2.679634974446116,6.746239386358443,11.31382758476129,-0.44692492531555367
109,110,97.76662252701499,0.3219105263709601,64.45717574766655,45.243627472529106,79.11237380162234,0,3.796963981798329,0.6595397446683466,5.22990820750798,2.5003819129857217,67.84978131969757,1,0.6246682949273068,65.06564952144699,56.69035874826342,69.00030220183096,1,70.96676121140233,12.654139537930902,13.667509957606779,15.230448593596384,0.5115499073334513
110,111,42.43686354102876,0.48209428949031524,73.06824094136118,32.650895855222004,85.98543150037999,0,3.6003374173243614,0.35399675312118917,9.234039082825566,1.069534693296165,64.71423474493875,0,0.6630537111243231,39.49194757985693,48.866279796506966,54.04363239110317,0,66.76067499047782,4.92532905058224,8.606282160417187,13.797221118680312,1.8326756465796321
111,112,99.20458373652349,0.319706275524256,54.52635629694763,36.45892358552013,64.91602502120807,0,4.535355281384032,0.4996175750021974,15.518208078965875,1.7275098953795793,52.518571132078364,1,0.4322925836488496,61.40177564384542,52.447437571690514,62.39581800188626,1,68.75020269685785,6.01016358783789,12.782037302666087,4.017208247941755,-0.17132906188833852
112,113,101.8069062982308,0.4916099383257625,62.060526436806704,44.53537833745176,61.868583463872184,0,3.9278005582546798,0.823526131257624,12.795794726660528,1.187630128046174,87.61318101850046,1,0.675390473656366,65.81618168329118,58.58064311026067,68.73263964214094,0,61.950405798958606,10.013108094630429,8.414756878452994,11.729225602238152,1.1401465777628983
113,114,173.89726337455858,0.18417297086710416,79.28029821771858,52.24584437626143,32.925269306301765,0,5.103618746855133,0.23277763307731736,10.967595074115765,2.0278582192033303,71.72176473657304,1,0.6429645896897663,48.57035418425974,57.987665368616035,62.84936779362574,1,73.9619940038418,2.7432033434165457,8.114325740192731,9.313100012239266,-1.465190743852653
114,115,94.22917105656633,0.029392249773945323,86.93986656309251,56.23396562299045,57.18418800915682,1,3.5749296674550997,0.32710481815508247,14.802406994024677,0.7172080918043046,71.61506035707703,1,0.410903038768215,56.25394254897225,66.1816374153043,63.90099237128078,1,51.91643567582587,3.117546691928232,12.289805676457739,5.707887973975401,-0.9014991084671036
115,116,109.04642027000837,0.43832440071116074,114.47515527581083,24.630520399736795,61.13641681549996,0,3.426128963598385,0.19137474764802725,4.645974591633664,2.020001635704062,89.9610223342556,1,0.3357522584118862,55.729496862861424,68.3595644067073,85.75389474056165,1,74.03436862871291,7.666688315559963,9.200043613330736,9.466766843451799,-1.2396221072743998e-05
116,117,98.9586469088427,0.22019917819165558,68.55056640065169,42.67751224364462,45.79259682877908,0,3.370950344498033,0.6829968940890409,12.705846493457706,1.5797085802167787,70.24011397613633,1,0.6626155918288628,37.67795706455525,57.987822356003136,70.28790813738482,1,62.282887798194594,7.462669125633412,6.189184844563162,6.8146023949602785,0.1529262437734472
117,118,64.93965887141404,0.1272898020531447,56.001798885316035,54.59493603383521,38.10447490888676,0,3.1922879022777586,0.35003801929383643,17.592288224239383,1.0520057282557858,66.59529064314069,1,0.7582153616101923,57.96644903426911,66.05203377161877,71.18211991401937,1,64.99613909879565,7.273450926524348,12.328098586248885,12.79129611906434,0.17042427885259953
118,119,134.28468443545063,0.5623099425360222,81.29988640565863,23.146890612380595,24.374046530462902,0,1.954574358532202,0.8742715731146995,14.746578222791143,1.3836449607028947,72.75254379485015,1,0.614040822553205,74.33747511351521,51.759602175968375,63.258094396617736,1,74.38501769565738,8.634697851210735,5.38091749313895,8.343018620097027,-0.6275784554574289
119,120,122.55799098060322,0.1351692568264888,53.082591692480406,43.14383494054847,15.245404898974158,0,3.3458637610944297,0.3773007959555529,15.459049109168642,2.5736984587225225,63.67330948123104,1,0.4360635751917874,50.33305901813955,79.72169738394756,81.77544724769587,1,70.78777727866333,3.1526777935615513,4.83114543500524,3.117410224963347,-1.7759360841029228
120,121,123.73095841129141,0.18926525270317185,78.46416082040105,39.97916202579816,11.042329733576743,0,2.0525016914948058,0.6415197843766381,19.986863949762572,1.5964911534165485,78.44355769287957,1,0.699913186015821,28.08612592022514,51.517330676735305,67.87421372011433,1,80.53920911406453,6.34630020583893,8.911880313254798,8.719442099191149,-1.0749851623640558
121,122,72.71837635615783,0.2788522124309327,62.466164257088145,44.14541814379788,61.58885145734523,0,3.8164233412100383,0.1975285895683699,11.669283575631665,1.0080903888611528,71.26337921735829,1,0.34806343596576134,39.69160203628985,77.95779726933642,64.79136334849144,1,60.304964941540106,5.1772071084987985,15.038724855532479,10.933954447131736,-0.2019896444491711
122,123,142.08382932808297,0.2584988688589334,73.1739245557059,32.276959746735244,52.953986504535536,0,2.631957795270591,0.5414061622815403,8.734541693248318,0.6567147020203211,69.92728589406188,1,0.5651002228811728,23.308558267225585,37.85899362342417,54.19249182690558,1,69.19294347782872,2.2743242123134184,7.202630308266731,6.852245089248941,-1.4517915534655716
123,124,57.944468116231576,0.1713624183536284,86.36569153247001,25.6438117178656,40.32377736917807,0,2.873967163838106,0.6307603922872489,17.94757521332521,1.8537829914016979,69.06096827979698,1,0.39802005503905213,69.35391693569096,54.29389113883731,69.38898086248633,1,78.88773117011151,6.282741636338609,10.274120068458714,9.547939092676737,0.09134501453910993
124,125,117.60571281400811,0.3902904125361203,68.33899856378956,20.86893574820975,43.37087404550722,0,3.0314128636172137,0.44341904139163607,17.855603155169636,1.6370916729074798,73.93778506157989,1,0.41067543063593004,61.46157944492142,55.03532739579592,64.47941998222598,1,73.61199743751399,3.9546289536732333,10.884617594830242,6.551479324516909,-1.0327169898305815
125,126,165.71366877429935,0.13884092876465817,83.99318626492932,49.76383953462103,54.20941083060969,0,3.356545473530728,0.3817367319600258,14.791458373778983,1.9865144865617563,75.8348112551985,1,0.4213763694949222,42.479460924982725,64.18487692122712,86.845797460169,1,74.25594253462796,2.690184746179111,6.250282452915262,2.2264355602952643,-1.9756025668883628
126,127,70.28391024607936,0.4659217194194351,83.09737822928723,51.04049136483354,46.708738579828115,0,3.5048077784573257,0.4752245619339326,11.19814499708776,0.4764426822171104,69.80024911592479,1,0.5320242342263868,28.729101170465952,72.92725204828236,88.4389869200195,1,81.08042858383234,12.429067495798241,15.119567789187267,9.091266918651883,1.2887234949278374
127,128,83.01106811191684,0.6157519764816631,42.03502707536358,43.02685348995986,23.188936399923435,0,4.259135708151149,0.2310892296854051,12.006898255039925,0.6794176829759501,71.41234063904854,1,0.3306901233722386,37.50057562636265,41.259071954107085,57.64719505233725,1,65.93757551130471,6.181995869993578,14.239875827052108,9.524563884570865,-0.03712917859983997
128,129,102.98954095262924,0.3073799210471541,56.475988809466415,34.65851650311903,68.260004405486,0,3.0957289345447125,0.5808853435289766,5.616135239344567,2.3028154394763294,74.1847717318065,1,0.5386760645574589,40.425845514542786,43.380254369356386,58.778467621190025,1,63.83169122877729,4.47757580473343,7.977445827692035,7.188956053308706,-0.3558027856179837
129,130,84.89573037651402,0.3116610941567272,46.57289707906793,23.769541065342544,56.08252341339619,0,3.8361022953556585,0.5468876206192298,17.564732651036014,1.7319391527455383,73.17581864460462,1,0.6070244682688206,51.641113985300876,38.97137898425643,67.23680364873552,0,75.75904436932336,7.60927504101249,-2.3999909104957977,10.822327255313587,0.35002581257901205
130,131,53.48009706801602,0.1347012643177103,100.02605653795203,45.63345462505024,55.31796959627697,0,5.411607063256497,0.0397724432356333,17.388256547645717,1.8733805958662932,75.31075966875014,1,0.5899765709797952,51.136390147975696,79.80276295797626,61.83962104605728,1,68.50568513988911,9.271261804977938,9.33972894244842,8.390317706481419,1.305718658395143
131,132,102.05688924418082,0.7239031844967967,68.4191211184401,28.99220717163315,66.75125406716745,0,3.764145491934261,0.5890717408939945,5.441586247666081,0.8261190775244328,68.23329196751986,1,0.5296704602418243,70.12147963060553,64.46407414195684,72.17416575686714,1,81.22203567697716,4.9180225992569335,16.806283094060074,8.203160548078836,0.985777525359432
132,133,68.13088858821686,0.11910027770778647,96.71243819449964,32.88701375239462,33.72709287880651,0,3.3736571477478563,0.5700958425092499,16.33816041953068,0.813308961169757,85.04592909126491,1,0.8034879648424516,39.60867713452936,43.73443187314316,66.73376510914433,1,73.69773437115056,7.7423600046886545,12.048379301689629,11.80342305034986,1.0917192136401233
133,134,114.20777291905544,0.28538578892011157,45.505715791870244,34.134359204372814,74.27462875451684,0,2.954593843650192,0.6504314232788553,14.020508275045042,2.193881060734462,75.96828177409517,1,0.3871960154523025,27.37718218469107,53.35357689065894,72.80532340555258,1,63.76649319709738,4.730822905057317,6.972646752759215,7.663058252291622,-0.8354160817645941
134,135,72.4172729729859,0.514309690041867,61.40847363177211,38.02464774303032,47.19914296115524,1,3.3639679182057702,0.39899055380559983,6.890129448046019,2.2268643583356043,69.96153247175123,1,0.6034180462688243,32.64532287286562,77.72642093492242,80.16093521646967,1,73.38384026811141,8.001959274793165,16.691662767370943,7.979548933268093,1.0122613972790573
135,136,146.49803215052617,0.15648979507517,82.00747362648958,32.40959552791352,67.7719776066175,1,2.8796457594734157,0.5895428051073989,5.969998994637653,0.7381763590796624,78.44384217378536,1,0.33722485017393256,49.65462718330249,55.82821154533143,59.35778489664493,0,60.973003357774665,6.283576107676316,5.737354986496897,8.787008918875761,-1.9286726742917595
136,137,76.50240122991289,0.26055752603134724,72.68911906640027,40.33458770992303,64.6889806697531,1,3.6880629986786406,0.17759015119595142,13.867466347008612,0.6044406529030085,74.25631401181286,1,0.34269340732674586,39.06982899581314,54.942177933132406,79.95211222477398,1,79.46928468357056,7.272490225102177,1.4464999924880821,5.82377253543924,-0.09168359225764712
137,138,90.33815451382974,0.13981359053542353,77.99289839220188,33.78181699493609,29.223963439948882,0,3.572480897047575,0.7853722304926926,10.01147943046541,1.423984920501289,57.66173645516332,1,0.6443195098062579,45.61987181730461,48.28054939765412,62.71347585679823,0,56.02847693451848,10.862960086254736,4.217655814764952,5.962471558226949,0.11943202939916284
138,139,124.40551652109009,0.388093991336372,51.192876493101146,47.013730648392226,60.05800809828272,0,1.9864465453575448,0.5828987843378756,21.09974425274835,0.9404560826367957,78.40952690221627,1,0.6396110549326925,43.18949629520834,44.625115292718554,91.48482849148776,1,82.22065274196186,5.9825387786782995,10.364618545060617,-1.2743305561164266,-0.6549867691035026
139,140,63.07407050698134,0.4641645770320866,90.65205239318394,50.31062913988053,56.525493416933706,1,3.4870093959637525,0.45196897666999125,16.76299197324453,0.9258761846677822,64.80493797615813,1,0.8268201077066744,64.85357680557775,77.74985715664735,86.20975966249388,1,73.20876511184576,15.33137589694849,13.736588308032157,8.740585598914297,2.0020760372055313
140,141,106.82379803812388,0.12845804774166797,81.65524143635933,41.085426760284385,50.60623314988685,0,4.253302418848009,0.36962774005776194,14.368465683661137,0.6240352275008253,84.34427783231307,1,0.634724205396044,41.195514693615166,85.1085238311309,68.86919664113765,1,68.35439030377326,5.610933694272066,15.809637562606254,11.920757025140466,-0.004494176355317223
141,142,139.21428262847286,0.0552063959733059,76.0243825823721,44.62626335381103,48.112564999292374,0,3.2206217034580753,0.5727447448239777,14.615395020011972,1.1720963062037433,72.58250361106553,1,0.8758746122429102,44.339868845782846,45.222083958189785,60.36416555469958,1,77.63334150933876,3.4066878563892997,5.354091931296191,0.7554219413904215,-0.8564166667435515
142,143,51.77550296316318,0.017279127080126834,59.715845783772885,61.1785594962589,48.282135005644164,0,3.0429722593119064,0.6533810784307836,18.654335901835836,0.6917136801569939,82.80070297391063,1,0.3292169090399579,60.75925371738163,81.0741349382718,58.45134020325417,1,75.11326644162355,8.034655974778099,7.952327552581057,4.6584379396700895,-0.40483469970188235
143,144,105.53901575596913,0.15924986868506363,74.85700191408918,28.27396743138684,66.25378851287991,0,2.5356094588182034,0.24612220343403501,16.23259045863669,0.7332193678935344,68.69781446802394,1,0.3588046108684446,41.52527133451886,52.68915875564842,78.7362850207453,0,83.30381685658061,8.99479176172356,3.665382306864597,7.639242427133317,-1.3983027004476618
144,145,107.7964838274527,0.2667449952728772,65.62765031509764,27.665318987198944,61.5582102758302,1,2.199405570862917,0.7927036829539393,14.498832192480112,1.708874292596413,75.6992926714064,1,0.32643951694222884,56.34818561685527,68.0047199305333,69.69597233469501,1,83.21061738353467,1.2512483222622575,5.767834270635438,-0.024473732863833364,-1.0748945093213753
145,146,123.45468615331932,0.529692033598347,45.24263184943357,46.949979007768746,50.6095770053133,0,4.081944486944278,0.5257674734686666,7.09869411851245,1.4613612359988364,87.10243500506877,1,0.411166110200124,54.97227893032638,81.15320707221612,79.26866885751959,1,73.52290444166286,6.086206372224936,2.0019554841426803,6.209646812965011,-0.21521445542141218
146,147,62.891478673657545,0.3071017670062408,69.24365722417768,59.46542837514765,20.161277070572506,0,3.3729651692945626,0.4406995320714088,27.309734827031093,1.8394150770724922,72.30983453585178,1,0.6247620665650069,52.12648788441619,57.82385106444552,92.0422896929564,1,61.282293119584224,6.409468822403934,10.113014220679934,12.416041372961477,0.8278764384410306
147,148,60.38630160747171,0.2504805636294226,67.64904402666211,37.39501438061277,59.88886828167237,0,4.040415093402396,0.1407911922945284,6.484086213458834,0.34567659525548566,69.09182901264195,1,0.6873433088564569,32.984054259402654,55.080871195989616,62.296170612838765,1,64.58490999553759,8.689357434060337,11.473597071699189,15.137720921614244,0.8405362633893981
148,149,115.65824696850693,0.40355832138751585,85.9360226481268,57.268338422187604,64.47227238355559,0,4.571926621205629,0.8355664815622947,10.437286314499177,1.5069164268808342,81.55040613781789,1,0.32735109476920127,68.44661336782906,72.01621445682278,57.69861756241912,1,69.28353114188351,7.42724206456801,9.984261022230324,9.188490332256933,0.2647921960465305
149,150,108.90954019699558,0.3696214928596068,36.48360336528696,40.9643371879349,96.0082017089394,0,4.144873379437241,0.44628245494997243,3.7263586179500123,2.9529462795160866,81.35661596750961,1,0.8675825339073597,83.31025694874671,43.35070744445626,71.92560234532625,1,80.81721694395094,12.04388411090193,19.941866878956258,6.026791239691662,0.6718269120125114
150,151,107.5147855103763,0.22078097776764183,73.52799743282051,33.19112717960918,71.50866126210076,0,3.120339374992843,0.5365625754174017,14.69399079384631,1.2394092610000806,69.51250866585181,1,0.8052992259902287,50.13242207401092,77.20592066760645,81.44759611452298,0,65.43613538662524,7.122706269494728,17.93116583953336,5.477950302550414,0.29861376541271817
151,152,110.39344628490927,0.09074148599417395,52.66647927841424,30.093076113622967,12.01647224169065,0,3.6014073652602887,0.4815982027400269,12.755552186424037,2.0773243046006087,55.14538979582238,0,0.4779674892942559,34.304676899444374,62.14214088663875,60.59539710214243,1,66.27059479569863,8.833639527320521,3.942118423368771,6.60215369232058,-1.5271418463934436
152,153,79.59925835264528,0.42629856137072764,74.7883501329332,46.294135848867874,51.568587980372854,1,3.0696589943901573,0.13201682741247842,15.8263821918238,2.0712047941420964,68.89977022501644,1,0.34631251813588076,50.43654062487534,51.333742377687344,70.34624738759246,1,88.48350629267426,5.501727569012023,1.0869579908137241,8.400512825149763,-0.3686476152879462
153,154,106.9676109148301,0.3076570372812911,75.6142008336596,30.850409322173036,86.22750057329964,0,3.004198076178836,0.7379348332574216,3.3046718444778307,2.105639025600893,81.77359521686422,1,0.40193224393143434,64.84790210878998,50.937485950262186,83.7004366117099,0,68.95701488622274,9.68912581421446,9.482772173472188,13.501530431293796,-0.06021320740079295
154,155,108.79217419896044,0.08686886954251043,68.69732834304712,40.81276842767028,62.470977138032744,0,3.7399706136818365,0.5299365220955011,17.564528336904658,1.616663180940126,67.24965810576276,1,0.3761666482529836,40.772184864265895,39.24806232257451,53.67122161509627,1,63.65268109733395,6.007824738476534,9.268488091437652,9.56988308086471,-1.1187762306224152
155,156,78.56945745920896,0.31988267906477214,82.10939687216626,55.834650253840934,56.57304320746418,0,2.917394281817279,0.3354582445637086,7.962822992651927,1.89626018792095,74.89062162983805,1,0.37397026757936813,48.066512238227155,51.957417500640155,72.353179614391,1,77.76646028394147,11.929283368023198,6.210899935765812,8.044021201243764,-0.17358188535142316
156,157,155.9732353343427,0.17245945458117015,51.313509113504516,36.9321960712863,68.00457317830472,0,1.9535938666379093,0.550612627811257,11.254974003180672,1.9893095340091038,68.42515062033657,1,0.6111370131994405,55.10981204618212,56.039433570083986,64.59896906401215,1,69.43865717040416,-0.9184181133653997,2.106266097734287,4.204479420284052,-2.3249156832814104
157,158,114.21498762735362,0.5236077465948994,86.6158067542255,53.14009474643899,37.55243610018394,0,2.8782964729908365,0.3509689406557332,16.65785634340532,1.9448122198200504,55.67832837473951,1,0.4475084654960402,68.04571778308888,44.08059702432777,71.24156590971303,0,56.10400836566434,2.5198952524958784,15.012177751617266,16.25330985252691,-0.6590210628164319
158,159,64.26089508392054,0.14411306049989406,59.378817007087875,27.854565102735933,59.56179993254912,0,3.285183195918839,0.4777164924873322,13.306333420659497,0.7178072785406228,68.24518822960073,1,0.5148838299174867,61.631355996340616,59.318025358064936,77.09784290583688,1,80.40914082807373,12.653678822817735,9.181543007208885,10.006833975061747,0.10587464589505029
159,160,119.6966082590149,0.4369016405600799,46.66152024265156,34.660908986832,44.99063922016179,0,4.564978948482345,0.6365690953122455,13.659712783334319,0.3048308622192093,81.73132020689712,1,0.8937032000305936,62.253019542983935,67.09375626788244,72.20808507888091,1,62.529606793007254,6.167703888621199,14.472332968223302,7.087744194531572,0.9116661127201735
160,161,70.75954989318035,0.5620366156958401,65.91406044250286,25.928559737850836,49.60753028379051,0,3.156343785090044,0.3392410459899757,15.995894099526996,0.41249151960963504,51.297475199341875,1,0.7105885493552069,43.60597164985362,56.79791796000872,59.89777597888145,1,70.43585598389576,6.343166866678671,8.082213129790562,8.408192781950573,0.9017179606041709
161,162,123.61253811227357,0.20388080864478686,38.57263715980022,40.72996755973357,66.56909031390214,1,3.8583468637204925,0.5047631096819594,14.143953199693621,1.3108880053321355,77.52167350475575,1,0.8693884002282009,56.02878432760885,69.940887397789,64.98753861766521,1,69.31860886212644,4.009321510931086,9.287561188341694,5.076829593935218,-0.24233848837956734
162,163,134.75786737022213,0.26526006970231497,73.81260838369303,47.800781797165826,31.46573795015637,0,3.3821842362265513,0.8186338423784207,10.294460487256414,1.9157487140958511,63.139307686005864,1,0.3855339330198694,39.17055009312306,47.892900255309954,84.26592980324466,1,72.30101173469863,9.026629509241587,6.763035438315836,-0.3486152658388362,-0.9458055735730563
163,164,75.37953044944868,0.342996453032718,66.11124336129662,40.75187087606186,75.75964947603876,0,4.358483600709269,0.33453540598727116,11.167654358823855,0.7269121057418908,81.08442069474192,1,0.5292836848995416,62.682891498278174,75.0507414632991,73.28932893924099,1,48.08925927435335,4.555743510269924,9.053328844713912,9.990846053578206,0.8774108999635316
164,165,128.90128387732966,0.3081745146780117,88.50530382064053,52.27050059970152,41.54376077828913,0,4.309967469824771,0.3327630709955022,13.059393393259114,2.146779321009083,82.14318935873654,1,0.6328390819694125,67.2682946117842,61.82722058662287,78.40319127584849,1,66.64900521200765,6.879161190007741,14.370281583653114,13.196810612211749,-0.12546003121682828
165,166,112.38342780809495,0.07847640863395768,79.73386315760493,32.5082075937087,55.213256663008146,0,4.3233225736679435,0.4289902379744926,7.522219532268326,1.1484073778444797,73.28052065088724,1,0.3460548371332428,58.30045353158934,83.17885754632115,72.50295310183043,1,81.24837060115702,4.868625125311415,2.665146082338649,2.0407208657805107,-0.8896729395646474
166,167,124.6618047998347,0.20417842853949858,49.12005494217985,42.25342753689067,21.989840794501138,0,2.2862115294078533,0.14603996911317732,16.98004329694335,1.155071352164145,73.30331841218778,1,0.3025124661767747,44.488841198077765,96.21325968358099,78.0911606824192,1,82.65445519891654,6.134713849222766,5.900450100324443,4.985921466604623,-2.6498886008603577
167,168,156.9037894796184,0.46757480171249854,57.424187633231725,34.72530676386144,64.39674581742781,1,3.644706833071496,0.8706749553098216,13.44326965403742,0.9147251028842798,66.93637302863698,1,0.7022606002781506,46.944093079376024,52.94634611545078,66.03853910062678,1,60.087096183596785,4.889359712080094,8.02005697680471,5.543611821847232,-0.27972820061664705
168,169,92.63835651991388,0.22444388214291414,77.80996630801313,43.61676585423655,78.93007871893155,1,4.031257020085364,0.25722972725054427,12.373881339609843,0.1806495486886086,61.54416599895034,1,0.6850917100808612,77.09774315993015,53.56404184647813,62.32488353232564,1,79.20598242711816,8.50900171382672,12.010209896792695,9.775054757899076,0.17545598432459883
169,170,77.38791506927531,0.5642742600782021,82.70618514977552,45.037360462124255,39.70716901563706,0,3.7670769938125317,0.8882610681359605,17.962482795157356,1.6605198899042528,91.98092906333733,1,0.5464732859997671,44.73934333064756,56.30636817076924,77.63697715848048,1,62.38570245574416,6.286370619215839,12.367052323590102,9.72302484130442,1.8666794262317656
170,171,73.3145671112343,0.45836380319932735,88.3375137233032,45.82395959984063,27.795532269808003,1,3.9456174280752805,0.20440168376150453,11.399431783943152,2.698867398986998,66.34928572828872,1,0.5937864456192197,65.74991251175852,68.93553375263272,81.27374010445556,1,66.25467740612717,15.170501815013491,15.267010512984942,4.998778995932708,0.8991191326545925
171,172,75.52569145103685,0.22873235215695734,88.21763927958023,29.29405661764398,55.559661294854166,0,3.5408457029998344,0.5001663860687661,11.087895014237915,1.4561348335272057,90.67796131196472,0,0.5492658003552537,55.08337397327782,79.88954955712634,60.85718689203358,1,66.78015633540748,7.111636816489091,7.34840799425835,5.721019890510968,0.5536091936334787
172,173,97.68694871757687,0.19416253232713945,68.65716084628141,31.102538982134313,79.09621289983485,0,2.978651055291431,0.5755803130170214,9.576856179980178,0.20455785081360323,66.40499960199823,1,0.3144030269069333,44.98795327310236,50.20787273745295,64.24055188576273,1,71.08803709705408,5.746531150507468,12.923867027836403,4.48529096072847,-0.8531728694324225
173,174,110.23455924449931,0.11404878475035836,75.43983433376754,32.95712291808811,21.00286869038188,0,2.312031830509624,0.5616671182648285,13.715335044629676,2.046239968131512,80.25190390337728,1,0.5012229637304775,29.830264587958624,65.71866399717109,68.36773571769093,1,80.01366456290862,9.989958309485614,7.252382865214296,10.453510810308813,-1.3162031780440087
174,175,108.30072397990057,0.11886389807223895,89.48107755915694,37.611192521334026,27.87383637543316,1,3.0481013999460673,0.7031615523967879,13.542250541657573,0.3626414069279076,63.621928403463656,1,0.4062493532383739,53.1740057088276,57.96109065216349,86.19824604982648,1,72.6458453602911,4.039470313375464,3.085308065660962,10.919368739823327,-0.8003409091392719
175,176,124.81549747108072,0.22430032560849703,65.45037307096078,40.8718640420643,40.91620883376969,0,5.374676911546874,0.48882250876603395,8.668578997450467,0.6536759221075702,80.23395016902015,1,0.35905451346082123,51.36651299909183,69.27163653810882,75.63135455168259,1,68.73868239676155,11.375026654406861,11.884701324399309,6.564260039134717,-0.41808024960599244
176,177,100.39005675633722,0.1748455929095408,75.69589280410186,47.08089121856676,33.59312350938609,0,3.1600441767365295,0.41518297079752403,11.111530114432998,1.3331632793805004,71.74412642846877,1,0.8740322603336099,77.09802007189,82.64186540111535,56.75913170134113,1,79.67311233038215,5.43382487146255,8.762252217764638,11.418001015455186,-0.22117440408237862
177,178,143.6060223147195,0.23810184430754955,65.09678830480523,31.519013006607683,33.65629066782009,0,2.1284268417364793,0.6367387758879999,8.701988657403835,1.5859904069781385,71.8748383932433,1,0.6596158350252994,37.097109568662525,56.39507643850477,69.07017208410498,1,61.97338609766285,6.7039254814705815,0.08708953545089537,5.631513225816921,-1.5407793799954639
178,179,92.06029500286132,0.43794334939116214,61.73577828301859,23.989807022982475,8.117587446724457,0,4.012854552510358,0.6283623352616753,8.475657730922547,0.7939351991832202,81.1002316978445,1,0.7371937705419617,84.42152887321677,34.95198499989404,67.54121244249566,1,69.2278255653205,6.3190216119758,12.712627711640408,7.849664950612396,0.6913776883024643
179,180,181.60507499768858,0.3050820962749862,70.72577677428706,61.5574316320679,61.78113894811735,0,4.098822006077851,0.4681068166281432,3.3505108413657645,1.3058787604038136,70.30858634920902,1,0.4892182459596705,55.682157942448896,71.1585251532044,58.2673044399607,1,79.95781228377528,0.09372126102640133,10.24215698972494,5.900817998822009,-1.8921129356929305
180,181,118.77002043295019,0.4110151238583872,59.68684822990613,28.6854697934757,56.77441005739271,1,4.401127073106498,0.7624636714896021,10.845448731592223,2.0006136805324792,60.718515045549026,1,0.5358882776964091,55.667438318332366,47.50942172091821,68.95208083105273,1,75.29306211790573,8.571006514875622,15.564840912445556,9.116254606473928,0.21814897550251644
181,182,74.28527330751152,0.23841138620236768,68.03626040845376,48.363237229955516,16.02301600392709,0,3.829684952594746,0.4739436414396724,3.488933669599943,2.096525219365613,82.61305563409452,1,0.4421543963380341,41.10391798351655,57.85326394554333,67.09962560393627,1,65.33696022555087,8.995204556269835,8.587251607359915,6.394061104060385,0.050329568879490735
182,183,67.87322505816664,0.30555856203807996,54.47567703201801,40.312668772486745,79.14391519912493,0,4.091921060126866,0.5089246024187496,9.685921568302444,2.3760194952699853,63.54099410017672,1,0.35817940257925485,54.72059461331703,71.80546255307421,66.38367476382841,1,54.87043233399733,3.633867141221187,11.35663804556949,8.530816721106591,0.3876829121332691
183,184,114.47417245729557,0.22431198667381724,67.1500841922643,42.513056408063804,83.62184629860975,1,4.788151994389393,0.6391672556179304,8.936526770611957,2.8365930566054454,80.1651728439791,1,0.4074189824649503,57.09576392349819,64.46092280296662,65.92618632618189,1,73.1085819079481,6.07628892245822,10.198763876750787,10.359938620287055,-0.0016907472104291733
184,185,93.29611644022447,0.22830350418430012,76.72585440423792,39.984494941640975,34.981889004397715,0,2.978168555556519,0.7579581184257499,17.25947528632802,2.0669225251627816,84.72996545333001,1,0.7785084271778915,64.05990937731315,58.474199616704325,84.71393548348803,1,54.21324798097011,11.539308167534012,17.208585570183136,9.138243943956773,0.624687521948861
185,186,121.42001482276277,0.601389322500987,61.16854695689806,36.151581180528744,73.33097181954011,1,2.8393045062033977,0.3002904543983381,6.925325968451792,1.3482844399170317,71.24506113647783,1,0.7065274831102655,35.325166886120854,51.36177431312518,66.36296883899485,1,67.87498635308835,8.816966174173187,6.780191432884542,8.141636163799646,0.011072881188904557
186,187,114.19712873720634,0.1861016376343618,70.13937628796369,44.63972282923459,38.54004390018108,0,2.7337894223129497,0.3562507233667877,8.194068075927621,2.1015196537860805,86.82352844091784,1,0.6281573255912862,71.10171283682058,16.50159329587502,70.49671056300265,1,81.78948399236668,4.225816803781759,6.02331127002705,8.211710090149516,-1.0590254605773919
187,188,97.81513262029382,0.33223765339141825,72.09013890431896,35.61412793742704,53.622330204221214,0,3.3139612894542116,0.7098806450866396,10.092379304042138,1.8267013638036276,79.81783707861284,1,0.5850539237200609,55.42123285657969,70.47481223634303,69.4123528772327,1,75.96758646301849,5.698659888525181,7.316101420105506,10.393107777318667,0.32749132895236566
188,189,74.59618845794785,0.1535906531023021,76.78802337732002,51.663027472367894,33.28475729958183,0,4.503395693877618,0.7136507293826193,9.09928174248612,1.8544568842683782,68.04138579855224,1,0.8534605701936748,59.12343342960968,56.20572451161354,64.94983149632664,1,49.763460219878326,14.877115151836666,6.913240809458232,9.4380582853071,1.3549214509548897
189,190,54.554583259424064,0.5895945688191788,67.99630238042177,45.68441006256155,94.28503046924551,1,3.8696478574223643,0.7014756309582378,18.84627398710938,1.6240531495501798,89.01429002266075,0,0.34364096866720106,46.68586607742859,82.70004417533588,70.79504732367698,1,72.00451504340317,5.530126886710221,14.819046185700055,8.87419530566059,1.9139487307458636
190,191,86.60455143798937,0.13601113584966545,86.28799512801709,45.995941132814934,44.07965545340204,0,3.8420843668964526,0.2819824642727141,6.307163134751902,0.8615621284922655,63.58328178260609,1,0.4683604879427496,36.077860425814244,65.97042044942805,70.65350596097764,1,66.80830085397406,6.405408757444229,15.849199301337064,8.234013494958734,-0.2779970128866428
191,192,125.69196382970418,0.1452923245069306,38.48621707822123,34.928769399434096,52.52898045646925,0,2.2264844499346936,0.5135284827174666,10.10297750507079,0.7803325145246489,71.23299570096435,1,0.5099627121424284,51.09086941104931,51.88311941197736,70.79756526899216,1,57.262825992745505,-0.3867199327001636,5.215889750448648,0.8240053612354377,-1.9950862077455536
192,193,106.42281232390611,0.4696325075583425,114.0662927075166,37.63645262911004,36.24125225072346,0,3.0147692209345065,0.1694401789642385,13.660326245822032,1.4320172592474,72.93685196380672,1,0.7694554873276728,52.809433247348274,76.0030513256406,61.407668579035786,1,73.35021295802102,11.462384404336381,7.163000806898846,7.783386389331265,0.34529364653569145
193,194,62.62783663864036,0.34705488787399064,56.93299353943725,28.12087191357935,87.22631194472788,0,2.2150396569965745,0.2270324661623853,16.405916715210033,1.6042370530924603,81.05223701018255,1,0.8955087720971828,29.21857597828264,77.26694108937285,67.93875492747358,1,65.08262151209273,8.442257828929236,12.698943696333936,1.7562232075006141,0.9757524437028307
194,195,105.19542777553546,0.2243778179558153,76.05085035031117,36.46983943274438,87.7322929217882,0,4.31987205252508,0.7621565665532231,10.098792220348983,1.024391353947801,86.15433297381135,1,0.4444023088542919,61.89928107747688,56.714522784712834,77.60321875349858,0,65.14465961360503,8.274633834403872,13.343288155218048,3.5647139137669526,0.49340772006371186
195,196,111.5595213918651,0.380680807328598,55.922981346912266,29.634240836437026,82.61858362525881,0,4.609952545020013,0.8882531265172582,2.409501997481037,1.7963393640260028,85.52791556902713,1,0.8245844004822485,64.94786950844872,77.90467298359842,68.20183368619959,1,71.2404511842672,17.466405759855753,12.254185891550947,4.24922551652821,1.4398192206486176
196,197,73.48427691396601,0.25273846971971753,79.66402239263952,53.13068515588715,69.12880696695244,1,4.045696709068267,0.6301052254761248,11.249478892072476,2.9565361328274324,77.23748319574307,1,0.7983736562590749,39.0550306426831,51.6703791692093,71.61781912601258,1,63.741154690985155,7.738136371376203,18.972213859263885,13.15689874622746,1.6790362657235882
197,198,104.61175317836583,0.19184179202086682,74.14853728892392,40.50535815594006,37.504209061318946,0,2.8092497679823185,0.49593550633333305,18.760142380903574,0.2789684965052197,72.19730895536433,1,0.43479443858505995,34.66121974591863,62.39471654111855,71.67037000726356,1,70.95735833866563,10.808146514471536,4.833777452577826,6.891880465744722,-0.958387485136043
198,199,101.74626155338,0.21777087913042306,60.23929693982366,41.704972350404304,66.55700191924836,0,4.537415745531053,0.3659481775447816,13.410937037152134,1.9075711342946324,56.7401575837237,1,0.5395995481195336,45.455579346885486,68.57112581578171,74.17395130733917,1,64.06675110370065,5.74020568866626,8.735323363138315,4.143774075863656,-0.058399045406116575
199,200,65.71089106508131,0.5469541833338392,86.09631018115469,37.748534726499784,49.85914402150529,0,3.3227215629823528,0.10983618412734072,13.182089311799663,1.4538177653764328,61.858541455447835,1,0.5458037215755115,50.3584264547945,71.77172376021284,75.58650915013811,1,64.61538539377457,7.610017758693088,12.931358461302226,10.521642235494296,0.8737034209651892
